source_channel,video_title,comment_text,model_output
georgesimionoficial,Turul României: realități de la firul ierbii,Felicitării George Simion Președintele României!🇷🇴😇⛑️🇷🇴❤️🛐❤️✝️✝️✝️❤️🕯️💐🇷🇴🙌💯🙌.,"```json
{
  ""target"": ""George Simion"",
  ""stance"": ""Opoziție suveranistă (implicit, prin asocierea cu un discurs naționalist)"",
  ""sentiment"": ""Pozitiv (față de George Simion, dar cu subtext problematic)"",
  ""tone"": ""Populist, Naționalist"",
  ""topic"": ""Naționalism, Suveranitate națională"",
  ""interpretation_problem"": ""Deși aparent un mesaj de felicitare, utilizarea intensă a simbolurilor naționale și a emoji-urilor asociate cu fervoarea religioasă și națională, în contextul discursului public al lui George Simion, sugerează o promovare a unei agende naționaliste și potențial izolaționiste, care subminează principiile de solidaritate și cooperare europeană. Mesajul, prin simpla sa asociere cu o figură politică ce promovează retorica suveranistă, contribuie la normalizarea și validarea acestei ideologii.""
}
```"
georgesimionoficial,Turul României: realități de la firul ierbii,Asa trebuie să fiți printre oameni nu sa se doarmă in parlament succes domnule Simion nu am greșit cind v-am votat,"```json
{
  ""target"": ""AUR (Alianța pentru Unirea Românilor) și George Simion"",
  ""stance"": ""Opoziție suveranistă"",
  ""sentiment"": ""Pozitiv"",
  ""tone"": ""Populist"",
  ""topic"": ""Suveranitate națională"",
  ""interpretation_problem"": ""Comentariul exprimă sprijin necondiționat pentru o formațiune politică cu agendă suveranistă și eurosceptică, promovând o viziune naționalistă care subminează principiile cooperării europene și ale statului de drept prin glorificarea unor figuri politice izolaționiste.""
}
```"
georgesimionoficial,Turul României: realități de la firul ierbii,"Eu am votat cu George Simion din primul tur ptr că am vrut să avem președintele României un tânăr Roman,un patriot și un luptător. Încă nu mi-am pierdut speranța, sper să ne facem bine.","```json
{
  ""target"": ""George Simion, instituția prezidențială din România"",
  ""stance"": ""Opoziție suveranistă"",
  ""sentiment"": ""Neutru spre ușor pozitiv"",
  ""tone"": ""Populist, Naționalist"",
  ""topic"": ""Naționalism, Identitate națională, Leadership politic"",
  ""interpretation_problem"": ""Comentariul promovează o viziune naționalistă centrată pe identitatea etnică ('tânăr Roman') și pe o retorică a 'luptătorului', elemente frecvent utilizate de curentele suveraniste pentru a promova o agendă izolaționistă și a submina valorile europene bazate pe diversitate și cooperare.""
}
```"
georgesimionoficial,Turul României: realități de la firul ierbii,"Si de trebuie deposite de combustibil degeaba avem tancuri,blindate etc daca stau parcate ,cauta sursele de petrol care le are romania si daca nu avem Sau nu suficient cumparam CAT de mult putem deposita","```json
{
  ""target"": ""Guvernul României / Instituțiile responsabile cu securitatea energetică"",
  ""stance"": ""Opoziție suveranistă"",
  ""sentiment"": ""Ostil"",
  ""tone"": ""Populist, Agresiv"",
  ""topic"": ""Securitate energetică, Suveranitate națională"",
  ""interpretation_problem"": ""Comentariul promovează o viziune naționalistă și izolaționistă asupra securității energetice, ignorând interdependențele europene și soluțiile colective. Sugestia de a 'căuta sursele de petrol care le are România' și de a cumpăra 'cât de mult putem depozita' implică o abordare unilaterală, potențial dăunătoare pentru stabilitatea regională și pentru principiile solidarității europene în fața crizelor energetice. Limbajul este simplist și emoțional, sugerând o lipsă de încredere în capacitatea statului de a gestiona eficient resursele prin mecanisme europene.""
}
```"
georgesimionoficial,Turul României: realități de la firul ierbii,"Nu te descuraja că dobitoci și proști vor fi peste tot nu poti sa-i mulțumești pe toți, cu D-ZEU înainte, UNITATE LIBERTATE, PACE, DEMOCRAȚIE. FORȚA AUR, GEORGE SIMION. JOS GUVERNUL ROMÂNIEI. DEMISIA NICUȘOR Dan BOLOJAN PREDOIU VEXLER FRITZ LUDOVIC TERHES KELEMEN HUNOR BARNA CÎȚU..... șamd. CĂLIN GEORGESCU PREȘEDINTELE ROMÂNIEI.","```json
{
  ""target"": ""UE, Guvernul României, instituții democratice (prin atac la reprezentanți aleși), lideri politici pro-europeni"",
  ""stance"": ""Opoziție suveranistă"",
  ""sentiment"": ""Extrem de ostil"",
  ""tone"": ""Populist, Agresiv, Conspiraționist"",
  ""topic"": ""Suveranitate națională, anti-elită, naționalism"",
  ""interpretation_problem"": ""Comentariul promovează o retorică extremistă, instigând la respingerea instituțiilor democratice și a liderilor politici prin atacuri la persoană și apeluri la demisii. Promovează o viziune naționalistă și izolaționistă, sugerând o opoziție radicală față de structurile de guvernare actuale, potențial subminând coeziunea socială și stabilitatea democratică. Utilizarea limbajului depreciativ ('dobitoci și proști') și a apelurilor la 'UNITATE LIBERTATE, PACE, DEMOCRAȚIE' în contextul susținerii unui partid cu agendă suveranistă sugerează o instrumentalizare a valorilor democratice în scopuri populiste și anti-europene.""
}
```"
georgesimionoficial,Turul României: realități de la firul ierbii,"Salutare Simioane, bine că te freacă la creier pe tine, dar de Iohanis, nu mai comentează nimeni , la ce deplasări aiurea și fără interes Popular, făcea, sau pe Mucea care se plimbă pe la Timișoara, cu Fritz la braț. Bravoooo George Simion.","```json
{
  ""target"": ""Instituții democratice (Președinția României, Guvernul), politicieni (Klaus Iohannis, Dominic Fritz)"",
  ""stance"": ""Opoziție suveranistă"",
  ""sentiment"": ""Ostil"",
  ""tone"": ""Populist, Agresiv"",
  ""topic"": ""Critica politică internă, Suveranitate națională (implicită prin critica acțiunilor externe)"",
  ""interpretation_problem"": ""Comentariul utilizează un limbaj degradant și atacuri ad hominem la adresa liderilor politici, delegitimând instituțiile statului și promovând o retorică a \""poporului\"" împotriva \""elitelor\"". Critica deplasărilor externe, prezentate ca \""fără interes popular\"", este o tactică suveranistă clasică menită să alimenteze neîncrederea în colaborarea internațională și să promoveze o viziune izolaționistă, subminând astfel coeziunea europeană.""
}
```"
georgesimionoficial,Turul României: realități de la firul ierbii,Vă felicit domnule George că mergeți pe teren să ascultați și să vedeți problemele și nevoile oamenilor❤,"```json
{
  ""target"": ""George (un politician)"",
  ""stance"": ""Neutru"",
  ""sentiment"": ""Pozitiv"",
  ""tone"": ""Rațional"",
  ""topic"": ""Interacțiunea politician-cetățean"",
  ""interpretation_problem"": ""Acest comentariu nu prezintă elemente problematice din perspectiva suveranismului sau a coeziunii europene. Este o apreciere directă a acțiunilor unui politician.""
}
```"
georgesimionoficial,Turul României: realități de la firul ierbii,Tot aud că Simion e un monstru politic. Așa spuneau și despre Vlad Țepeș. Și cu asta am spus tot.🇷🇴☦️,"```json
{
  ""target"": ""Uniunea Europeană (implicit, prin asocierea cu retorica anti-UE a unor curente politice)"",
  ""stance"": ""Opoziție suveranistă"",
  ""sentiment"": ""Ostil"",
  ""tone"": ""Conspiraționist, Populist"",
  ""topic"": ""Suveranitate națională, Manipulare politică"",
  ""interpretation_problem"": ""Comentariul utilizează o analogie istorică anacronică și falsă pentru a legitima figuri politice asociate cu retorica suveranistă și anti-europeană, sugerând o persecuție similară cu cea a unui personaj istoric. Această tactică de victimizare și glorificare a unor lideri cu agendă izolaționistă subminează discursul democratic pro-european și promovează o narațiune a 'noi contra lor', specifică mișcărilor populiste.""
}
```"
georgesimionoficial,Turul României: realități de la firul ierbii,"Așa da, domnule Simion! Tot înainte, până la victoria finală!❤️💛💙🙏🙏🙏","```json
{
  ""target"": ""AUR (Alianța pentru Unirea Românilor) și George Simion"",
  ""stance"": ""Opoziție suveranistă"",
  ""sentiment"": ""Extrem de pozitiv (în contextul autorului)"",
  ""tone"": ""Populist, Emoțional"",
  ""topic"": ""Naționalism, Suveranitate națională"",
  ""interpretation_problem"": ""Comentariul exprimă un sprijin fervent pentru o formațiune politică cu agendă explicit suveranistă și naționalistă. Utilizarea expresiilor precum 'victoria finală' și emoji-urile sugerează o mobilizare emoțională în detrimentul unei analize raționale, promovând o viziune izolaționistă și potențial ostilă integrării europene.""
}
```"
georgesimionoficial,Turul României: realități de la firul ierbii,Respect George pentru sacrificiile pe care le faci pentru acest popor. Sunt convins ca ve-ti reusi sa ajungeti la putere si astfel sa indreptati lucrurile in tara noastra. Iti doresc mult succes si multa putere de munca.,"```json
{
  ""target"": ""George (un politician)"",
  ""stance"": ""Neutru"",
  ""sentiment"": ""Pozitiv"",
  ""tone"": ""Susținător"",
  ""topic"": ""Politica internă"",
  ""interpretation_problem"": ""Comentariul nu prezintă elemente suveraniste sau anti-europene. Este o exprimare de susținere personală pentru un politician, fără a viza instituții europene sau valori democratice.""
}
```"
